device,command,output,timestamp
10.0.0.100,show running-config,"Building configuration...

  
Current configuration : 3206 bytes
!
! Last configuration change at 01:46:41 UTC Fri Jan 9 2026
!
version 15.8
service timestamps debug datetime msec
service timestamps log datetime msec
no service password-encryption
!
hostname R1
!
boot-start-marker
boot-end-marker
!
!
enable secret 5 $1$cFAg$zRjVSkB9AgDvXbA5ep5p6.
!
no aaa new-model
!
!
!
mmi polling-interval 60
no mmi auto-configure
no mmi pvc
mmi snmp-timeout 180
!
!
!
!
!
!
!
!
!
!
!
ip domain name test.com
ip cef
no ipv6 cef
!
multilink bundle-name authenticated
!
!
!
!
username agusst secret 5 $1$osnf$emmiMf9jo2afk0xjyZUKV0
!
redundancy
!
!
! 
!
!
!
!
!
!
!
!
!
!
!
!
interface GigabitEthernet0/0
 ip address 10.0.0.100 255.255.255.0
 duplex auto
 speed auto
 media-type rj45
!
interface GigabitEthernet0/1
 ip address 10.0.1.1 255.255.255.0
 duplex auto
 speed auto
 media-type rj45
!
interface GigabitEthernet0/2
 no ip address
 shutdown
 duplex auto
 speed auto
 media-type rj45
!
interface GigabitEthernet0/3
 no ip address
 shutdown
 duplex auto
 speed auto
 media-type rj45
!
ip forward-protocol nd
!
!
no ip http server
no ip http secure-server
ip ssh version 2
!
ipv6 ioam timestamp
!
!
!
control-plane
!
banner exec ^C
**************************************************************************
* IOSv is strictly limited to use for evaluation, demonstration and IOS  *
* education. IOSv is provided as-is and is not supported by Cisco's      *
* Technical Advisory Center. Any use or disclosure, in whole or in part, *
* of the IOSv Software or Documentation to any third party for any       *
* purposes is expressly prohibited except as otherwise authorized by     *
* Cisco in writing.                                                      *
**************************************************************************^C
banner incoming ^C
**************************************************************************
* IOSv is strictly limited to use for evaluation, demonstration and IOS  *
* education. IOSv is provided as-is and is not supported by Cisco's      *
* Technical Advisory Center. Any use or disclosure, in whole or in part, *
* of the IOSv Software or Documentation to any third party for any       *
* purposes is expressly prohibited except as otherwise authorized by     *
* Cisco in writing.                                                      *
**************************************************************************^C
banner login ^C
**************************************************************************
* IOSv is strictly limited to use for evaluation, demonstration and IOS  *
* education. IOSv is provided as-is and is not supported by Cisco's      *
* Technical Advisory Center. Any use or disclosure, in whole or in part, *
* of the IOSv Software or Documentation to any third party for any       *
* purposes is expressly prohibited except as otherwise authorized by     *
* Cisco in writing.                                                      *
**************************************************************************^C
!
line con 0
 logging synchronous
line aux 0
line vty 0 4
 logging synchronous
 login local
 transport input ssh
line vty 5 15
 logging synchronous
 login local
 transport input ssh
!
no scheduler allocate
!
end
",2026-01-08T21:14:49.072091
